[
  {
    "id": "8fdbe2ca-2180-4e36-bac1-d2766e7bebad",
    "data": [
      {
        "text": "Can we talk at ",
        "userDefined": false
      },
      {
        "text": "10:00",
        "meta": "@sys.time",
        "alias": "time",
        "userDefined": true
      },
      {
        "text": " on ",
        "userDefined": false
      },
      {
        "text": "15/06/2021",
        "meta": "@sys.date",
        "alias": "date",
        "userDefined": true
      },
      {
        "text": " about ",
        "userDefined": false
      },
      {
        "text": "back end technologies",
        "meta": "@topic",
        "alias": "topic",
        "userDefined": false
      },
      {
        "text": "?",
        "userDefined": false
      }
    ],
    "isTemplate": false,
    "count": 0,
    "lang": "en",
    "updated": 0
  },
  {
    "id": "4cbf4a39-3c34-47d9-a19f-2417a9175690",
    "data": [
      {
        "text": "Set a meeting on ",
        "userDefined": false
      },
      {
        "text": "Wednesday",
        "meta": "@sys.date",
        "alias": "date",
        "userDefined": true
      },
      {
        "text": " at ",
        "userDefined": false
      },
      {
        "text": "5pm",
        "meta": "@sys.time",
        "alias": "time",
        "userDefined": true
      },
      {
        "text": ". Let\u0027s chat about ",
        "userDefined": false
      },
      {
        "text": "C#",
        "meta": "@topic",
        "alias": "topic",
        "userDefined": true
      },
      {
        "text": ".",
        "userDefined": false
      }
    ],
    "isTemplate": false,
    "count": 0,
    "lang": "en",
    "updated": 0
  },
  {
    "id": "b1cd291a-5657-42ed-bb3d-28174f12e4e7",
    "data": [
      {
        "text": "I\u0027d like to book a meeting at ",
        "userDefined": false
      },
      {
        "text": "3pm",
        "meta": "@sys.time",
        "alias": "time",
        "userDefined": true
      },
      {
        "text": " on ",
        "userDefined": false
      },
      {
        "text": "Tuesday",
        "meta": "@sys.date",
        "alias": "date",
        "userDefined": true
      },
      {
        "text": " about ",
        "userDefined": false
      },
      {
        "text": "Angular",
        "meta": "@topic",
        "alias": "topic",
        "userDefined": true
      },
      {
        "text": ".",
        "userDefined": false
      }
    ],
    "isTemplate": false,
    "count": 0,
    "lang": "en",
    "updated": 0
  }
]